,x,SuccessRate,SuccessRateUnmixed,PER,RedundancyUsedMin,RedundancyUsed,RedundancyUsedMax,Lost,FaultsUnmixed,WorseDiffRngmixedRlnc,WorseDiffRepeatmixedRlnc
0,0.001,0.9666666666666667,0.9633333333333334,0.036270833333333335,0.0,0.39655172413793105,170.0,2.901666666666667,0.6716666666666666,0.0,0.0
1,0.001028130381323781,0.9216666666666666,0.9166666666666666,0.08220833333333333,0.0,0.4792043399638336,160.0,6.576666666666667,1.5333333333333334,0.0,0.0
2,0.0010570520810009826,0.9133333333333333,0.9133333333333333,0.08872916666666666,0.0,0.6843065693430657,210.0,7.098333333333334,1.7116666666666667,0.0,0.0
3,0.0010867873591186366,0.96,0.955,0.042395833333333334,0.0,0.44270833333333337,255.0,3.3916666666666666,0.8,0.0,0.0
4,0.001117359101948509,0.8383333333333334,0.8316666666666667,0.16883333333333334,0.0,1.6998011928429424,295.0,13.506666666666666,3.23,0.0,0.0
5,0.0011487908395619172,0.8133333333333334,0.8033333333333333,0.19245833333333334,0.0,1.6393442622950818,300.0,15.396666666666667,3.6683333333333334,0.0,0.0
6,0.0011811067639400604,0.9316666666666666,0.9266666666666666,0.071375,0.0,0.9749552772808586,300.0,5.71,1.38,0.0,0.0
7,0.0012143317475937917,0.935,0.9333333333333333,0.06760416666666666,0.0,0.623885918003565,285.0,5.408333333333333,1.2583333333333333,0.0,0.0
8,0.0012484913627071772,0.9216666666666666,0.9216666666666666,0.07772916666666667,0.0,0.0,0.0,6.218333333333334,1.5316666666666667,0.0,0.0
9,0.0012836119008195774,0.92,0.9183333333333333,0.08083333333333333,0.0,0.5797101449275363,215.0,6.466666666666667,1.5666666666666667,0.0,0.0
10,0.0013197203930613757,0.915,0.9033333333333333,0.09577083333333333,0.0,1.7668488160291438,300.0,7.661666666666667,1.7166666666666666,0.0,0.0
11,0.0013568446309589611,0.8233333333333334,0.8133333333333334,0.1825,0.0,1.214574898785425,265.0,14.6,3.505,0.0,0.0
12,0.0013950131878249618,0.9416666666666667,0.9333333333333333,0.06366666666666666,0.0,1.415929203539823,300.0,5.093333333333334,1.15,0.0,0.0
13,0.0014342554407501815,0.8133333333333334,0.8083333333333333,0.19320833333333334,0.0,1.4139344262295082,210.0,15.456666666666667,3.7266666666666666,0.0,0.0
14,0.0014746015932141905,0.915,0.905,0.09120833333333334,0.0,1.384335154826958,280.0,7.296666666666667,1.7033333333333334,0.0,0.0
15,0.0015160826983319608,0.88,0.87,0.1266875,0.0,1.2878787878787878,250.0,10.135,2.395,0.0,0.0
16,0.001558730682754426,0.965,0.9616666666666667,0.03779166666666667,0.0,0.6735751295336787,275.0,3.0233333333333334,0.715,0.0,0.0
17,0.001602578371241384,0.86,0.8483333333333334,0.14889583333333334,0.0,1.88953488372093,235.0,11.911666666666667,2.75,0.0,0.0
18,0.0016476595119256485,0.8483333333333334,0.8383333333333334,0.15970833333333334,0.0,1.650294695481336,265.0,12.776666666666667,2.99,0.0,0.0
19,0.001694008802287872,0.895,0.8883333333333333,0.11429166666666667,0.0,2.132216014897579,295.0,9.143333333333333,2.0733333333333333,0.0,0.0
20,0.00174166191586207,0.8683333333333333,0.86,0.1399375,0.0,1.785028790786948,290.0,11.195,2.605,0.0,0.0
21,0.0017906555296923774,0.8783333333333333,0.8716666666666667,0.1284375,0.0,1.7931688804554082,220.0,10.275,2.4066666666666667,0.0,0.0
22,0.0018410273525621612,0.95,0.9433333333333334,0.05645833333333333,0.0,1.5175438596491229,280.0,4.516666666666667,1.01,0.0,0.0
23,0.0018928161540172441,0.885,0.875,0.12358333333333334,0.0,1.873822975517891,275.0,9.886666666666667,2.3333333333333335,0.0,0.0
24,0.0019460617942055622,0.885,0.8766666666666667,0.12241666666666667,0.0,0.8757062146892656,195.0,9.793333333333333,2.276666666666667,0.0,0.0
25,0.0020008052545562064,0.9433333333333334,0.94,0.059166666666666666,0.0,0.2826855123674912,80.0,4.733333333333333,1.11,0.0,0.0
26,0.0020570886693214957,0.9066666666666666,0.9,0.101125,0.0,1.4246323529411764,180.0,8.09,1.8783333333333334,0.0,0.0
27,0.002114955358006339,0.9666666666666667,0.9616666666666667,0.0361875,0.0,0.6551724137931034,175.0,2.895,0.6183333333333333,0.0,0.0
28,0.0021744498587098313,0.8916666666666667,0.8833333333333333,0.11539583333333334,0.0,2.046728971962617,290.0,9.231666666666667,2.1166666666666667,0.0,0.0
29,0.0022356179624047783,0.8733333333333333,0.8616666666666667,0.1345,0.0,1.8606870229007633,295.0,10.76,2.455,0.0,0.0
30,0.0022985067481815194,0.9,0.8833333333333333,0.10941666666666666,0.0,2.3796296296296298,290.0,8.753333333333334,1.97,0.0,0.0
31,0.00236316461948315,0.9366666666666666,0.9283333333333333,0.06916666666666667,0.0,1.1387900355871885,240.0,5.533333333333333,1.265,0.0,0.0
32,0.0024296413413600767,0.8933333333333333,0.875,0.121625,0.0,3.7313432835820897,260.0,9.73,2.1016666666666666,0.0,0.0
33,0.002497988078772559,0.8866666666666667,0.8766666666666667,0.12129166666666667,0.0,1.6541353383458646,190.0,9.703333333333333,2.2266666666666666,0.0,0.0
34,0.0025682574359706905,0.9083333333333333,0.9016666666666666,0.09822916666666667,0.0,1.0,200.0,7.858333333333333,1.7666666666666666,0.0,0.0
35,0.00264050349698218,0.9366666666666666,0.9216666666666666,0.07389583333333333,0.0,2.526690391459075,260.0,5.911666666666667,1.2483333333333333,0.0,0.0
36,0.002714781867239066,0.945,0.93,0.06725,0.0,4.065255731922399,275.0,5.38,1.0683333333333334,0.0,0.0
37,0.002791149716375388,0.9,0.8883333333333333,0.11166666666666666,0.0,2.305555555555556,290.0,8.933333333333334,1.95,0.0,0.0
38,0.002869665822228788,0.895,0.8833333333333333,0.114125,0.0,1.7132216014897579,240.0,9.13,2.11,0.0,0.0
39,0.002950390616079906,0.9516666666666667,0.94,0.05616666666666667,0.0,1.8476357267950962,260.0,4.493333333333333,0.9666666666666667,0.0,0.0
40,0.0030333862291643363,0.91,0.8933333333333333,0.10325,0.0,3.5989010989010985,265.0,8.26,1.7616666666666667,0.0,0.0
41,0.003118716540493036,0.9166666666666666,0.9066666666666666,0.09302083333333333,0.0,2.2181818181818183,300.0,7.441666666666666,1.6366666666666667,0.0,0.0
42,0.0032064472260178883,0.88,0.8716666666666667,0.12664583333333335,0.0,1.9223484848484849,225.0,10.131666666666666,2.335,0.0,0.0
43,0.003296645809180352,0.8783333333333333,0.8666666666666667,0.13395833333333335,0.0,3.0170777988614796,260.0,10.716666666666667,2.3016666666666667,0.0,0.0
44,0.0033893817128820367,0.9266666666666666,0.9083333333333333,0.08860416666666666,0.0,3.489208633093525,280.0,7.088333333333333,1.4566666666666668,0.0,0.0
45,0.0034847263129172594,0.8983333333333333,0.88,0.1141875,0.0,3.376623376623377,275.0,9.135,1.9233333333333333,0.0,0.0
46,0.003582752992908632,0.9633333333333334,0.945,0.052375,0.0,3.1055363321799305,300.0,4.19,0.7466666666666667,0.0,0.0
47,0.00368353720078807,0.9466666666666667,0.9283333333333333,0.06608333333333333,0.0,3.1954225352112675,250.0,5.286666666666667,0.9566666666666667,0.0,0.0
48,0.003787156506866572,0.86,0.8466666666666667,0.15366666666666667,0.0,3.7984496124031013,295.0,12.293333333333333,2.723333333333333,0.0,0.0
49,0.0038936906635375678,0.9783333333333334,0.9716666666666667,0.0270625,0.0,1.41396933560477,280.0,2.165,0.44333333333333336,0.0,0.0
50,0.004003221666659722,0.8816666666666667,0.8633333333333333,0.13754166666666667,0.0,5.718336483931948,275.0,11.003333333333334,2.355,0.0,0.0
51,0.004115833818666483,0.9066666666666666,0.8816666666666667,0.1140625,0.0,5.045955882352941,270.0,9.125,1.8716666666666666,0.0,0.0
52,0.004231613793450881,0.9383333333333334,0.9216666666666666,0.07585416666666667,0.0,3.2859680284191826,300.0,6.068333333333333,1.2433333333333334,0.0,0.0
53,0.0043506507030756265,0.8733333333333333,0.8483333333333334,0.1465625,0.0,5.085877862595419,285.0,11.725,2.5016666666666665,0.0,0.0
54,0.004473036166359721,0.9016666666666666,0.8583333333333333,0.12777083333333333,0.0,6.497227356746765,285.0,10.221666666666666,1.99,0.0,0.0
55,0.004598864379394484,0.9233333333333333,0.9066666666666666,0.09379166666666666,0.0,3.546931407942238,270.0,7.503333333333333,1.5066666666666666,0.0,0.0
56,0.0047282321880432,0.9516666666666667,0.9333333333333333,0.06316666666666666,0.0,3.2136602451838883,280.0,5.053333333333334,0.965,0.0,0.0
57,0.004861239162480231,0.9416666666666667,0.9283333333333333,0.06872916666666666,0.0,1.725663716814159,235.0,5.498333333333333,1.1516666666666666,0.0,0.0
58,0.004997987673826893,0.9233333333333333,0.8983333333333333,0.09735416666666667,0.0,3.3664259927797837,285.0,7.788333333333333,1.5016666666666667,0.0,0.0
59,0.005138582972943202,0.905,0.8783333333333333,0.117,0.0,5.138121546961326,295.0,9.36,1.9,0.0,0.0
60,0.005283133271435984,0.9016666666666666,0.875,0.11591666666666667,0.0,4.00184842883549,245.0,9.273333333333333,1.9416666666666667,0.0,0.0
61,0.0054317498249458335,0.9183333333333333,0.89,0.10200000000000001,0.0,5.961887477313974,295.0,8.16,1.6116666666666666,0.0,0.0
62,0.005584547018776935,0.9366666666666666,0.895,0.09152083333333333,0.0,7.001779359430605,285.0,7.321666666666666,1.2616666666666667,0.0,0.0
63,0.005741642455935716,0.935,0.9133333333333333,0.08525,0.0,4.064171122994653,265.0,6.82,1.275,0.0,0.0
64,0.005903157047645993,0.865,0.8483333333333334,0.15410416666666665,0.0,5.211946050096339,285.0,12.328333333333333,2.585,0.0,0.0
65,0.006069215106410441,0.93,0.915,0.08116666666666666,0.0,3.3781362007168463,275.0,6.493333333333333,1.2433333333333334,0.0,0.0
66,0.00623994444168982,0.8966666666666666,0.8716666666666667,0.12339583333333333,0.0,5.780669144981413,300.0,9.871666666666666,1.94,0.0,0.0
67,0.006415476458273763,0.9266666666666666,0.9066666666666666,0.08954166666666667,0.0,4.613309352517986,275.0,7.163333333333333,1.3166666666666667,0.0,0.0
68,0.006595946257418738,0.9533333333333334,0.915,0.0736875,0.0,6.573426573426573,300.0,5.895,0.9566666666666667,0.0,0.0
69,0.006781492740831095,0.9016666666666666,0.8666666666666667,0.12266666666666667,0.0,6.053604436229206,265.0,9.813333333333333,1.87,0.0,0.0
70,0.00697225871757512,0.9183333333333333,0.9016666666666666,0.09485416666666667,0.0,3.321234119782214,300.0,7.588333333333333,1.4333333333333333,0.0,0.0
71,0.007168391013988566,0.9366666666666666,0.9033333333333333,0.08739583333333334,0.0,5.2313167259786475,300.0,6.991666666666666,1.255,0.0,0.0
72,0.00737004058669003,0.895,0.8616666666666667,0.13414583333333333,0.0,6.769087523277467,265.0,10.731666666666667,2.0766666666666667,0.0,0.0
73,0.007577362638765365,0.92,0.89,0.106375,0.0,5.715579710144928,265.0,8.51,1.4016666666666666,0.0,0.0
74,0.007790516739222399,0.9,0.8583333333333333,0.13277083333333334,0.0,9.768518518518519,300.0,10.621666666666666,1.935,0.0,0.0
75,0.008009666945806026,0.8766666666666667,0.8366666666666667,0.1525,0.0,8.193916349809886,265.0,12.2,2.265,0.0,0.0
76,0.008234981931268027,0.9366666666666666,0.91,0.08814583333333334,0.0,6.245551601423488,280.0,7.051666666666667,1.1933333333333334,0.0,0.0
77,0.008466635113189045,0.9016666666666666,0.8583333333333333,0.13120833333333334,0.0,7.791127541589648,295.0,10.496666666666666,1.8433333333333333,0.0,0.0
78,0.008704804787452367,0.9466666666666667,0.9216666666666666,0.08035416666666667,0.0,6.373239436619718,295.0,6.428333333333334,1.03,0.0,0.0
79,0.008949674265472479,0.9233333333333333,0.8883333333333333,0.10639583333333333,0.0,7.355595667870037,260.0,8.511666666666667,1.4533333333333334,0.0,0.0
80,0.009201432015283841,0.9033333333333333,0.8716666666666667,0.12741666666666668,0.0,8.01660516605166,275.0,10.193333333333333,1.7916666666666667,0.0,0.0
81,0.009460271806598624,0.9166666666666666,0.8883333333333333,0.10708333333333334,0.0,4.454545454545455,285.0,8.566666666666666,1.585,0.0,0.0
82,0.009726392859944848,0.9583333333333334,0.9216666666666666,0.07295833333333333,0.0,7.130434782608695,280.0,5.836666666666667,0.8466666666666667,0.0,0.0
83,0.01,0.9133333333333333,0.8683333333333333,0.12291666666666666,0.0,8.777372262773723,300.0,9.833333333333334,1.6866666666666668,0.0,0.0
84,0.010281303813237812,0.92,0.8933333333333333,0.10852083333333333,0.0,6.802536231884058,300.0,8.681666666666667,1.5083333333333333,0.0,0.0
85,0.010570520810009832,0.93,0.8716666666666667,0.11264583333333333,0.0,9.910394265232975,300.0,9.011666666666667,1.4316666666666666,0.0,0.0
86,0.010867873591186367,0.9366666666666666,0.9066666666666666,0.09629166666666666,0.0,8.816725978647687,300.0,7.703333333333333,1.18,0.0,0.0
87,0.01117359101948509,0.935,0.9,0.09672916666666667,0.0,8.03921568627451,300.0,7.738333333333333,1.2266666666666666,0.0,0.0
88,0.011487908395619176,0.945,0.9183333333333333,0.08447916666666666,0.0,5.238095238095239,300.0,6.758333333333334,1.1033333333333333,0.0,0.0
89,0.011811067639400605,0.955,0.9233333333333333,0.0746875,0.0,6.692844677137872,295.0,5.975,0.79,0.0,0.0
90,0.012143317475937917,0.9366666666666666,0.9083333333333333,0.09666666666666666,0.0,7.606761565836298,280.0,7.733333333333333,1.165,0.0,0.0
91,0.012484913627071778,0.93,0.88,0.11925,0.0,11.084229390681005,285.0,9.54,1.4266666666666667,0.0,0.0
92,0.012836119008195774,0.93,0.8866666666666667,0.106125,0.0,9.399641577060931,290.0,8.49,1.3483333333333334,0.0,0.0
93,0.013197203930613756,0.9316666666666666,0.8833333333333333,0.10739583333333333,0.0,9.651162790697676,290.0,8.591666666666667,1.29,0.0,0.0
94,0.013568446309589617,0.9483333333333334,0.9016666666666666,0.09595833333333333,0.0,8.453427065026363,285.0,7.676666666666667,0.9566666666666667,0.0,0.0
95,0.013950131878249618,0.9366666666666666,0.8966666666666666,0.10354166666666667,0.0,8.763345195729539,265.0,8.283333333333333,1.1883333333333332,0.0,0.0
96,0.014342554407501816,0.955,0.9033333333333333,0.08675,0.0,8.62129144851658,285.0,6.94,0.9,0.0,0.0
97,0.014746015932141912,0.9516666666666667,0.915,0.08460416666666666,0.0,7.460595446584939,280.0,6.7683333333333335,0.8016666666666666,0.0,0.0
98,0.015160826983319609,0.9516666666666667,0.915,0.08725,0.0,9.56217162872154,300.0,6.98,0.9133333333333333,0.0,0.0
99,0.015587306827544252,0.9183333333333333,0.87,0.1285625,0.0,9.673321234119783,280.0,10.285,1.365,0.0,0.0
100,0.016025783712413852,0.9316666666666666,0.8716666666666667,0.1146875,0.0,10.026833631484795,300.0,9.175,1.2066666666666668,0.0,0.0
101,0.016476595119256483,0.9433333333333334,0.8833333333333333,0.10460416666666666,0.0,10.026501766784452,295.0,8.368333333333334,1.0083333333333333,0.0,0.0
102,0.016940088022878712,0.9583333333333334,0.925,0.07691666666666666,0.0,7.6695652173913045,300.0,6.153333333333333,0.7683333333333333,0.0,0.0
103,0.017416619158620708,0.9383333333333334,0.8766666666666667,0.11766666666666667,0.0,11.847246891651867,290.0,9.413333333333334,1.0983333333333334,0.0,0.0
104,0.017906555296923775,0.9316666666666666,0.8833333333333333,0.11075,0.0,9.847942754919497,300.0,8.86,1.2816666666666667,0.0,0.0
105,0.018410273525621603,0.9583333333333334,0.91,0.0845,0.0,8.782608695652176,300.0,6.76,0.7083333333333334,0.0,0.0
106,0.01892816154017245,0.9633333333333334,0.8966666666666666,0.0889375,0.0,11.150519031141867,300.0,7.115,0.7216666666666667,0.0,0.0
107,0.01946061794205562,0.96,0.9066666666666666,0.09364583333333333,0.0,12.90798611111111,290.0,7.491666666666666,0.7766666666666666,0.0,0.0
108,0.020008052545562056,0.9383333333333334,0.8766666666666667,0.11258333333333334,0.0,11.953818827708705,300.0,9.006666666666666,1.135,0.0,0.0
109,0.020570886693214965,0.965,0.9083333333333333,0.08729166666666667,0.0,11.381692573402418,285.0,6.983333333333333,0.71,0.0,0.0
110,0.021149553580063388,0.93,0.865,0.13075,0.0,11.881720430107528,250.0,10.46,1.2633333333333334,0.0,0.0
111,0.0217444985870983,0.95,0.8983333333333333,0.10572916666666667,0.0,12.447368421052632,285.0,8.458333333333334,0.915,0.0,0.0
112,0.022356179624047796,0.9316666666666666,0.8716666666666667,0.12210416666666667,0.0,14.051878354203936,290.0,9.768333333333333,1.135,0.0,0.0
113,0.022985067481815197,0.9733333333333334,0.9166666666666666,0.0798125,0.0,12.876712328767123,290.0,6.385,0.5333333333333333,0.0,0.0
114,0.023631646194831487,0.9633333333333334,0.9033333333333333,0.08827083333333334,0.0,10.899653979238755,300.0,7.0616666666666665,0.7033333333333334,0.0,0.0
115,0.02429641341360078,0.975,0.925,0.0785,0.0,10.521367521367521,285.0,6.28,0.5,0.0,0.0
116,0.02497988078772559,0.9566666666666667,0.915,0.09058333333333334,0.0,9.02439024390244,280.0,7.246666666666667,0.79,0.0,0.0
117,0.025682574359706892,0.9516666666666667,0.8783333333333333,0.114875,0.0,17.02276707530648,290.0,9.19,0.8266666666666667,0.0,0.0
118,0.02640503496982181,0.96,0.8983333333333333,0.10433333333333333,0.0,14.262152777777777,300.0,8.346666666666666,0.8083333333333333,0.0,0.0
119,0.02714781867239066,0.9466666666666667,0.905,0.10904166666666666,0.0,12.10387323943662,290.0,8.723333333333333,0.8916666666666667,0.0,0.0
120,0.027911497163753865,0.95,0.875,0.1226875,0.0,15.92982456140351,295.0,9.815,0.9483333333333334,0.0,0.0
121,0.028696658222287896,0.9583333333333334,0.89,0.10114583333333334,0.0,14.13913043478261,300.0,8.091666666666667,0.7416666666666667,0.0,0.0
122,0.02950390616079906,0.9633333333333334,0.9033333333333333,0.1008125,0.0,13.001730103806228,295.0,8.065,0.7,0.0,0.0
123,0.03033386229164338,0.985,0.905,0.1040625,0.0,19.4585448392555,300.0,8.325,0.43166666666666664,0.0,0.0
124,0.031187165404930373,0.9766666666666667,0.9116666666666666,0.09020833333333333,0.0,13.48976109215017,295.0,7.216666666666667,0.485,0.0,0.0
125,0.03206447226017888,0.975,0.9066666666666666,0.09339583333333333,0.0,14.273504273504273,280.0,7.471666666666667,0.47333333333333333,0.0,0.0
126,0.032966458091803506,0.9766666666666667,0.9133333333333333,0.0936875,0.0,15.52901023890785,300.0,7.495,0.455,0.0,0.0
127,0.033893817128820385,0.9666666666666667,0.9116666666666666,0.10077083333333334,0.0,13.474137931034482,285.0,8.061666666666667,0.55,0.0,0.0
128,0.03484726312917259,0.9816666666666667,0.9066666666666666,0.09304166666666666,0.0,14.516129032258064,300.0,7.443333333333333,0.38333333333333336,0.0,0.0
129,0.03582752992908634,0.9783333333333334,0.9233333333333333,0.08754166666666667,0.0,12.37649063032368,300.0,7.003333333333333,0.3883333333333333,0.0,0.0
130,0.03683537200788072,0.98,0.91,0.09860416666666667,0.0,14.226190476190476,285.0,7.888333333333334,0.4583333333333333,0.0,0.0
131,0.03787156506866572,0.9733333333333334,0.8983333333333333,0.10541666666666667,0.0,14.315068493150685,300.0,8.433333333333334,0.5766666666666667,0.0,0.0
132,0.038936906635375655,0.985,0.9083333333333333,0.09264583333333333,0.0,16.1336717428088,300.0,7.411666666666667,0.3883333333333333,0.0,0.0
133,0.04003221666659724,0.98,0.895,0.11404166666666667,0.0,17.831632653061227,300.0,9.123333333333333,0.4583333333333333,0.0,0.0
134,0.041158338186664825,0.9833333333333333,0.9183333333333333,0.09489583333333333,0.0,13.101694915254239,280.0,7.591666666666667,0.39166666666666666,0.0,0.0
135,0.04231613793450883,0.975,0.9116666666666666,0.09272916666666667,0.0,12.880341880341883,300.0,7.418333333333333,0.4816666666666667,0.0,0.0
136,0.043506507030756286,0.9783333333333334,0.9266666666666666,0.09229166666666666,0.0,13.986371379897786,290.0,7.383333333333334,0.37333333333333335,-1.0,0.0
137,0.0447303616635972,0.9866666666666667,0.915,0.09979166666666667,0.0,15.827702702702704,290.0,7.983333333333333,0.31,0.0,0.0
138,0.045988643793944815,0.9833333333333333,0.92,0.09958333333333333,0.0,16.85593220338983,300.0,7.966666666666667,0.44333333333333336,0.0,0.0
139,0.04728232188043202,0.9733333333333334,0.9083333333333333,0.10914583333333333,0.0,15.342465753424657,270.0,8.731666666666667,0.48833333333333334,0.0,0.0
140,0.04861239162480231,0.985,0.9266666666666666,0.0978125,0.0,15.532994923857867,295.0,7.825,0.315,-1.0,0.0
141,0.04997987673826896,0.9866666666666667,0.935,0.09914583333333334,0.0,14.054054054054054,270.0,7.931666666666667,0.2866666666666667,-1.0,0.0
142,0.05138582972943205,0.9833333333333333,0.9216666666666666,0.0965625,0.0,15.161016949152543,280.0,7.725,0.31166666666666665,-1.0,0.0
143,0.05283133271435984,0.9833333333333333,0.935,0.09908333333333333,0.0,13.728813559322031,280.0,7.926666666666667,0.30666666666666664,-1.0,0.0
144,0.05431749824945831,0.9866666666666667,0.9166666666666666,0.10852083333333333,0.0,16.554054054054056,285.0,8.681666666666667,0.30333333333333334,-1.0,0.0
145,0.055845470187769385,0.9933333333333333,0.9216666666666666,0.0953125,0.0,14.479865771812081,300.0,7.625,0.23333333333333334,0.0,0.0
146,0.05741642455935716,0.995,0.9266666666666666,0.09835416666666667,0.0,15.527638190954772,300.0,7.868333333333333,0.225,-1.0,0.0
147,0.05903157047645996,0.99,0.9283333333333333,0.09689583333333333,0.0,16.329966329966332,295.0,7.751666666666667,0.22,-1.0,0.0
148,0.060692151064104444,0.99,0.94,0.09585416666666667,0.0,14.217171717171718,265.0,7.668333333333333,0.185,-1.0,0.0
149,0.0623994444168982,0.9933333333333333,0.9283333333333333,0.0940625,0.0,14.949664429530202,265.0,7.525,0.21166666666666667,-1.0,0.0
150,0.0641547645827376,0.995,0.9233333333333333,0.10129166666666667,0.0,16.792294807370187,280.0,8.103333333333333,0.18,-1.0,0.0
151,0.06595946257418742,0.9916666666666667,0.915,0.10991666666666666,0.0,18.563025210084035,300.0,8.793333333333333,0.25666666666666665,-1.0,0.0
152,0.06781492740831095,0.995,0.93,0.1048125,0.0,16.901172529313236,300.0,8.385,0.185,-1.0,0.0
153,0.06972258717575124,0.9983333333333333,0.9216666666666666,0.10464583333333333,0.0,17.12020033388982,280.0,8.371666666666666,0.16666666666666666,-1.0,0.0
154,0.0716839101398857,0.9916666666666667,0.925,0.10679166666666667,0.0,17.974789915966387,260.0,8.543333333333333,0.22,-1.0,0.0
155,0.07370040586690031,0.9933333333333333,0.95,0.08654166666666667,0.0,15.578859060402687,295.0,6.923333333333333,0.15,-1.0,0.0
156,0.07577362638765361,0.995,0.9316666666666666,0.10116666666666667,0.0,16.97654941373534,285.0,8.093333333333334,0.16,-1.0,0.0
157,0.07790516739222404,0.995,0.9133333333333333,0.11358333333333333,0.0,19.623115577889447,300.0,9.086666666666666,0.235,-1.0,0.0
158,0.08009666945806027,0.9916666666666667,0.9383333333333334,0.10720833333333334,0.0,15.899159663865547,290.0,8.576666666666666,0.19166666666666668,-1.0,0.0
159,0.0823498193126803,1.0,0.9466666666666667,0.09202083333333333,0.0,15.033333333333335,280.0,7.361666666666666,0.08166666666666667,-2.0,0.0
160,0.08466635113189044,0.9966666666666667,0.9533333333333334,0.089,0.0,11.438127090301002,225.0,7.12,0.08833333333333333,-2.0,0.0
161,0.08704804787452367,0.995,0.9316666666666666,0.10872916666666667,0.0,19.18760469011725,300.0,8.698333333333334,0.165,-1.0,0.0
162,0.08949674265472474,1.0,0.9383333333333334,0.10647916666666667,0.0,17.18333333333333,265.0,8.518333333333333,0.09333333333333334,-1.0,0.0
163,0.0920143201528384,0.9983333333333333,0.9416666666666667,0.10385416666666666,0.0,16.185308848080133,280.0,8.308333333333334,0.10333333333333333,-1.0,0.0
164,0.09460271806598623,0.995,0.9416666666666667,0.10533333333333333,0.0,16.390284757118927,250.0,8.426666666666666,0.14333333333333334,-1.0,0.0
165,0.09726392859944853,1.0,0.9516666666666667,0.09472916666666667,0.0,16.46666666666667,270.0,7.578333333333333,0.07166666666666667,-1.0,0.0
166,0.1,1.0,0.9516666666666667,0.10047916666666666,0.0,17.1,285.0,8.038333333333334,0.08166666666666667,-1.0,0.0
167,0.10281303813237812,0.9983333333333333,0.9683333333333334,0.08675,0.0,13.096828046744577,220.0,6.94,0.055,-1.0,0.0
168,0.10570520810009837,1.0,0.9433333333333334,0.0951875,0.0,14.375,250.0,7.615,0.085,-1.0,0.0
169,0.10867873591186367,0.9983333333333333,0.9583333333333334,0.0955625,0.0,14.056761268781301,265.0,7.645,0.09166666666666666,-2.0,0.0
170,0.11173591019485091,1.0,0.9616666666666667,0.0978125,0.0,15.275,265.0,7.825,0.04833333333333333,-1.0,0.0
171,0.11487908395619183,0.9983333333333333,0.9533333333333334,0.09883333333333333,0.0,14.340567612687812,240.0,7.906666666666666,0.085,-2.0,0.0
172,0.11811067639400605,1.0,0.9533333333333334,0.100375,0.0,14.758333333333335,280.0,8.03,0.065,-2.0,0.0
173,0.12143317475937916,0.9983333333333333,0.9666666666666667,0.09177083333333333,0.0,13.080133555926546,275.0,7.341666666666667,0.06666666666666667,-1.0,0.0
174,0.12484913627071785,1.0,0.9466666666666667,0.09866666666666667,0.0,15.583333333333334,250.0,7.8933333333333335,0.09166666666666666,-1.0,0.0
175,0.12836119008195773,1.0,0.97,0.09166666666666667,0.0,12.8,230.0,7.333333333333333,0.04666666666666667,-2.0,0.0
176,0.13197203930613757,0.9983333333333333,0.96,0.0973125,0.0,14.223706176961604,255.0,7.785,0.07166666666666667,-1.0,0.0
177,0.13568446309589624,1.0,0.95,0.105125,0.0,15.633333333333331,275.0,8.41,0.08166666666666667,-2.0,0.0
178,0.1395013187824962,1.0,0.9733333333333334,0.10545833333333333,0.0,15.466666666666665,230.0,8.436666666666667,0.03333333333333333,-2.0,0.0
179,0.14342554407501815,1.0,0.9583333333333334,0.1029375,0.0,14.541666666666666,225.0,8.235,0.056666666666666664,-2.0,0.0
180,0.1474601593214192,1.0,0.9683333333333334,0.09391666666666666,0.0,13.841666666666669,200.0,7.513333333333334,0.043333333333333335,-2.0,0.0
181,0.15160826983319609,1.0,0.965,0.09929166666666667,0.0,14.158333333333331,200.0,7.943333333333333,0.051666666666666666,-1.0,0.0
182,0.15587306827544262,1.0,0.9583333333333334,0.10320833333333333,0.0,14.916666666666666,220.0,8.256666666666666,0.05333333333333334,-2.0,0.0
183,0.16025783712413857,1.0,0.97,0.10258333333333333,0.0,14.4,295.0,8.206666666666667,0.045,-2.0,0.0
184,0.16476595119256485,1.0,0.9766666666666667,0.09514583333333333,0.0,12.791666666666666,180.0,7.611666666666666,0.02666666666666667,-2.0,0.0
185,0.16940088022878722,1.0,0.9666666666666667,0.09725,0.0,11.725000000000001,200.0,7.78,0.04,-2.0,0.0
186,0.1741661915862072,1.0,0.9716666666666667,0.09541666666666666,0.0,12.816666666666668,160.0,7.633333333333334,0.03333333333333333,-2.0,0.0
187,0.17906555296923773,1.0,0.9716666666666667,0.0965625,0.0,11.65,245.0,7.725,0.035,-2.0,0.0
188,0.18410273525621612,1.0,0.975,0.09891666666666667,0.0,13.666666666666666,190.0,7.913333333333333,0.028333333333333332,-2.0,0.0
189,0.1892816154017246,1.0,0.975,0.10170833333333333,0.0,13.325,170.0,8.136666666666667,0.028333333333333332,-2.0,0.0
190,0.19460617942055622,1.0,0.9783333333333334,0.10225000000000001,0.0,14.491666666666669,195.0,8.18,0.02666666666666667,-2.0,0.0
191,0.20008052545562063,1.0,0.9683333333333334,0.09522916666666667,0.0,11.333333333333332,145.0,7.618333333333333,0.03333333333333333,-2.0,0.0
192,0.20570886693214976,1.0,0.985,0.0913125,0.0,11.200000000000001,225.0,7.305,0.018333333333333333,-2.0,0.0
193,0.21149553580063388,1.0,0.99,0.09579166666666666,0.0,12.291666666666668,150.0,7.663333333333333,0.011666666666666667,-2.0,0.0
194,0.21744498587098313,1.0,0.9833333333333333,0.09779166666666667,0.0,12.6,225.0,7.823333333333333,0.02,-2.0,0.0
195,0.22356179624047784,1.0,0.9866666666666667,0.0923125,0.0,11.091666666666665,175.0,7.385,0.013333333333333334,-2.0,0.0
196,0.22985067481815197,1.0,0.9783333333333334,0.1016875,0.0,12.408333333333333,165.0,8.135,0.023333333333333334,-2.0,0.0
197,0.236316461948315,1.0,0.9816666666666667,0.101,0.0,13.516666666666666,155.0,8.08,0.018333333333333333,-2.0,0.0
198,0.24296413413600768,1.0,0.98,0.09689583333333333,0.0,12.858333333333334,225.0,7.751666666666667,0.023333333333333334,-2.0,0.0
199,0.2497988078772559,1.0,0.9866666666666667,0.09708333333333333,0.0,12.291666666666668,155.0,7.766666666666667,0.016666666666666666,-3.0,0.0
200,0.25682574359706906,1.0,0.98,0.1045625,0.0,13.208333333333334,160.0,8.365,0.02,-2.0,0.0
201,0.264050349698218,1.0,0.9866666666666667,0.10602083333333333,0.0,12.8,145.0,8.481666666666667,0.013333333333333334,-2.0,0.0
202,0.2714781867239066,1.0,0.9866666666666667,0.09714583333333333,0.0,11.175,120.0,7.7716666666666665,0.013333333333333334,-2.0,0.0
203,0.2791149716375388,1.0,0.9766666666666667,0.1004375,0.0,11.516666666666666,150.0,8.035,0.023333333333333334,-2.0,0.0
204,0.2869665822228788,1.0,0.9866666666666667,0.09991666666666667,0.0,11.808333333333334,120.0,7.993333333333333,0.015,-2.0,0.0
205,0.2950390616079906,1.0,0.9866666666666667,0.09489583333333333,0.0,12.675,125.0,7.591666666666667,0.013333333333333334,-2.0,0.0
206,0.30333862291643393,1.0,0.9916666666666667,0.10302083333333334,0.0,12.85,140.0,8.241666666666667,0.008333333333333333,-2.0,0.0
207,0.31187165404930356,1.0,0.985,0.10641666666666667,0.0,13.675,135.0,8.513333333333334,0.015,-3.0,0.0
208,0.32064472260178883,1.0,0.9883333333333333,0.10072916666666666,0.0,12.475,135.0,8.058333333333334,0.011666666666666667,-3.0,0.0
209,0.3296645809180352,1.0,0.9866666666666667,0.0985625,0.0,12.233333333333334,125.0,7.885,0.013333333333333334,-2.0,0.0
210,0.3389381712882037,1.0,0.9883333333333333,0.105,0.0,12.925,145.0,8.4,0.011666666666666667,-2.0,0.0
211,0.3484726312917259,1.0,0.9916666666666667,0.0991875,0.0,12.075,135.0,7.935,0.008333333333333333,-2.0,0.0
212,0.35827529929086355,1.0,0.9916666666666667,0.100375,0.0,12.883333333333335,115.0,8.03,0.008333333333333333,-2.0,0.0
213,0.368353720078807,1.0,0.9933333333333333,0.1033125,0.0,12.224999999999998,95.0,8.265,0.006666666666666667,-3.0,0.0
214,0.3787156506866572,1.0,0.9983333333333333,0.09720833333333333,0.0,12.108333333333334,110.0,7.776666666666666,0.0016666666666666668,-2.0,0.0
215,0.3893690663537568,1.0,0.995,0.1018125,0.0,11.25,80.0,8.145,0.005,-2.0,0.0
216,0.4003221666659722,1.0,0.99,0.097625,0.0,11.541666666666666,95.0,7.81,0.01,-2.0,0.0
217,0.4115833818666483,1.0,0.995,0.10177083333333334,0.0,11.783333333333333,100.0,8.141666666666667,0.005,-3.0,0.0
218,0.4231613793450885,1.0,0.9933333333333333,0.10272916666666666,0.0,11.433333333333334,85.0,8.218333333333334,0.006666666666666667,-2.0,0.0
219,0.43506507030756264,1.0,0.9933333333333333,0.0985,0.0,11.733333333333333,95.0,7.88,0.006666666666666667,-2.0,0.0
220,0.44730361663597207,1.0,0.99,0.099,0.0,11.041666666666668,85.0,7.92,0.01,-2.0,0.0
221,0.45988643793944833,1.0,0.9966666666666667,0.09833333333333333,0.0,11.591666666666667,90.0,7.866666666666666,0.0033333333333333335,-2.0,0.0
222,0.47282321880432,1.0,0.995,0.09910416666666667,0.0,12.275,105.0,7.928333333333334,0.005,-2.0,0.0
223,0.48612391624802315,1.0,0.995,0.0964375,0.0,11.299999999999999,80.0,7.715,0.005,-2.0,0.0
224,0.49979876738268986,1.0,0.9983333333333333,0.09860416666666667,0.0,11.275,85.0,7.888333333333334,0.0016666666666666668,-2.0,0.0
225,0.5138582972943202,1.0,0.9966666666666667,0.1018125,0.0,11.858333333333333,75.0,8.145,0.0033333333333333335,-2.0,0.0
226,0.5283133271435984,1.0,0.9983333333333333,0.09775,0.0,10.916666666666666,70.0,7.82,0.0016666666666666668,-2.0,0.0
227,0.5431749824945833,1.0,0.99,0.10002083333333334,0.0,11.75,75.0,8.001666666666667,0.01,-2.0,0.0
228,0.5584547018776935,1.0,0.9966666666666667,0.09889583333333334,0.0,11.316666666666666,80.0,7.911666666666667,0.0033333333333333335,-2.0,0.0
229,0.5741642455935716,1.0,0.995,0.09877083333333334,0.0,10.716666666666667,75.0,7.901666666666666,0.005,-2.0,0.0
230,0.5903157047645999,1.0,0.9916666666666667,0.10227083333333334,0.0,11.783333333333333,65.0,8.181666666666667,0.008333333333333333,-2.0,0.0
231,0.606921510641044,1.0,0.9966666666666667,0.10302083333333334,0.0,11.941666666666666,70.0,8.241666666666667,0.0033333333333333335,-3.0,0.0
232,0.623994444168982,1.0,1.0,0.10170833333333333,0.0,11.908333333333335,55.0,8.136666666666667,0.0,-2.0,0.0
233,0.6415476458273763,1.0,0.995,0.09929166666666667,0.0,11.991666666666667,70.0,7.943333333333333,0.005,-2.0,0.0
234,0.6595946257418739,1.0,0.995,0.1011875,0.0,11.466666666666667,55.0,8.095,0.005,-3.0,0.0
235,0.6781492740831095,1.0,0.9966666666666667,0.10104166666666667,0.0,11.85,65.0,8.083333333333334,0.0033333333333333335,-2.0,0.0
236,0.6972258717575127,1.0,0.9966666666666667,0.0999375,0.0,10.866666666666667,60.0,7.995,0.0033333333333333335,-2.0,0.0
237,0.7168391013988566,1.0,0.9983333333333333,0.1000625,0.0,11.808333333333334,65.0,8.005,0.0016666666666666668,-3.0,0.0
238,0.7370040586690031,1.0,0.9966666666666667,0.10016666666666667,0.0,11.441666666666666,50.0,8.013333333333334,0.0033333333333333335,-2.0,0.0
239,0.7577362638765365,1.0,0.9966666666666667,0.1009375,0.0,11.175,60.0,8.075,0.0033333333333333335,-3.0,0.0
240,0.77905167392224,1.0,0.9983333333333333,0.10258333333333333,0.0,11.325,60.0,8.206666666666667,0.0016666666666666668,-3.0,0.0
241,0.8009666945806025,1.0,1.0,0.09825,0.0,10.883333333333335,50.0,7.86,0.0,-2.0,0.0
242,0.8234981931268035,1.0,0.9983333333333333,0.10033333333333333,0.0,11.233333333333333,50.0,8.026666666666667,0.0016666666666666668,-2.0,0.0
243,0.8466635113189044,1.0,0.9983333333333333,0.1015,0.0,11.591666666666667,55.0,8.12,0.0016666666666666668,-2.0,0.0
244,0.8704804787452367,1.0,0.9983333333333333,0.09797916666666667,0.0,11.658333333333333,45.0,7.838333333333333,0.0016666666666666668,-2.0,0.0
245,0.8949674265472478,1.0,0.9966666666666667,0.09920833333333333,0.0,10.683333333333334,45.0,7.9366666666666665,0.0033333333333333335,-2.0,0.0
246,0.920143201528384,1.0,1.0,0.09833333333333333,0.0,10.791666666666666,45.0,7.866666666666666,0.0,-2.0,0.0
247,0.9460271806598624,1.0,0.9966666666666667,0.09875,0.0,10.783333333333335,50.0,7.9,0.0033333333333333335,-2.0,0.0
248,0.9726392859944859,1.0,0.9983333333333333,0.10162500000000001,0.0,11.633333333333333,45.0,8.13,0.0016666666666666668,-3.0,0.0
249,1.0,1.0,0.9983333333333333,0.0988125,0.0,10.916666666666666,40.0,7.905,0.0016666666666666668,-2.0,0.0
